iterations,fitness
100,0.55931610120136921
200,0.55931610120136921
300,0.55931610120136921
400,0.55931610120136921
500,0.55931610120136921
